{"cameraMode":{"drawMode":0,"name":"Shaded","section":"Shading Mode"},"sceneLighting":true,"audioPlay":false,"sceneViewState":{"showFog":true,"showMaterialUpdate":false,"showSkybox":false,"showFlares":true,"showImageEffects":true,"showParticleSystems":true},"in2DMode":false,"pivot":{"x":3.00216007232666,"y":11.26200008392334,"z":-16.043132781982423},"rotation":{"x":-0.1392229199409485,"y":0.2830100953578949,"z":-0.041560541838407519,"w":-0.9480494856834412},"size":5.305778503417969,"orthographic":false}